Area,Perimeter,MajorAxisLength,MinorAxisLength,AspectRation,Eccentricity
28395,610.291,208.178116708527,173.888747041636,1.19719142411602,0.549812187138347
28734,638.018,200.524795663648,182.734419351024,1.09735646068106,0.41178525136724
29380,624.11,212.826129860206,175.931142612714,1.20971265632436,0.562727316750412
30008,645.884,210.557998960925,182.516515695305,1.15363805932189,0.498615976402717
30140,620.134,201.847882166738,190.279278786648,1.06079801990978,0.333679657773177
30279,634.927,212.560556425386,181.510181599753,1.17106684898868,0.520400660291264
30477,670.033,211.05015532184,184.039050112943,1.1467683363521,0.489477894457261
30519,629.727,212.996755056346,182.737203764065,1.16559053476242,0.513759557963588
30685,635.681,213.534145164516,183.157146295974,1.16585210832808,0.514080860347291
30834,631.934,217.227812764409,180.897468573821,1.20083390042444,0.553642224684322
30917,640.765,213.560089393098,184.439870859033,1.15788461788895,0.504102365412161
31091,638.558,210.486254870828,188.32684762014,1.1176646215381,0.446621923566855
31107,640.594,214.648548507602,184.969252585646,1.16045529463451,0.507365875296869
31158,642.626,216.484836208562,183.64431215612,1.17882679657687,0.529514250950734
31158,641.105,212.0669751385,187.192960068368,1.13287900923757,0.469924156725518
31178,636.888,212.975925175588,186.56208823219,1.14158201804926,0.482352224460347
31202,644.454,215.640694698434,184.471684245499,1.16896365737873,0.517871223251886
31203,639.782,215.067736952165,184.874875944121,1.16331511166055,0.51094682922762
31272,638.666,212.450318949182,187.535938994111,1.13285122888287,0.469883494214806
31335,635.011,216.790092286783,184.163440299905,1.17716139497474,0.52758671006422
31374,636.401,219.865394008333,182.008863698133,1.207992784203,0.560994520118261
31530,638.857,213.785654347426,188.066482344252,1.13675574553522,0.475535641525624
31573,674.103,217.307026058546,185.448250670846,1.17179334543439,0.521268390422128
31637,656.711,229.719254636411,175.510445975356,1.30886371668537,0.645190802030003
31675,657.431,236.752632109384,171.210559184609,1.38281559990762,0.690678219290455
31682,646.721,210.045681626729,192.248415947661,1.09257431636738,0.402841973574384
31703,656.305,215.708906739895,187.272449690278,1.15184538407356,0.496263280854626
31748,641.826,219.776518299812,184.115105311921,1.19369085946248,0.546072627557524
31768,650.954,220.959494859984,183.292068076593,1.20550494726073,0.558465259169797
31811,642.092,223.98468285222,180.91712284293,1.23805132058551,0.589564968712359
31821,649.681,213.735645200693,189.969201915978,1.12510682281661,0.458286561004727
31823,662.532,222.872688946637,181.894696257825,1.22528415358922,0.577858150317048
31837,656.404,224.91255418413,180.439421864232,1.24647126365413,0.596968353593323
31915,640.718,216.320361538156,188.065306942129,1.15024065339558,0.494138341379461
31972,639.974,213.687480532895,190.644947293341,1.12086621526926,0.451705438552652
31992,640.338,212.88736370737,191.487253659592,1.11175736054902,0.436968431674381
31994,654.535,212.171396083836,192.422531787773,1.10263280558976,0.421302376628277
32015,653.676,212.929989278447,191.810134583788,1.11010812718779,0.434206940282972
32026,654.237,230.979067419152,176.931808304158,1.30546943273243,0.642831065083752
32038,645.085,224.482321107924,181.940866806836,1.23382022438232,0.585751299809343
32044,652.651,216.147146845467,188.970540325967,1.14381398535783,0.485443520101132
32057,642.082,215.918285273981,189.303386911369,1.14059388369566,0.4809714696791
32066,669.313,236.436655048021,173.230899314783,1.36486421292766,0.680580172001964
32109,663.582,224.472352289152,182.364496199987,1.23089941828912,0.583080943792937
32114,648.566,222.657507373999,183.829036100673,1.21122055632202,0.564236126931391
32167,654.893,217.960517017149,188.204715944682,1.15810337654458,0.504381753098667
32213,658.216,221.481114338168,185.295432369925,1.1952864218261,0.547784366560733
32218,653.595,222.756071381096,184.404683949012,1.20797404171517,0.560975566460154
32233,665.493,221.233683701027,185.592372872437,1.1920408165323,0.544289509536922
32251,644.051,220.980962776812,186.027783501276,1.1878922525317,0.539747142543915
32258,654.808,220.804030078904,186.277755809551,1.18534834779013,0.53691890750618
32262,652.419,222.698656271345,184.512992892548,1.20695379105923,0.559941517597534
32279,646.556,218.181603796504,188.553141772327,1.15713587026809,0.503143725687597
32323,649.59,217.371457379769,189.591319048293,1.14652642573999,0.489149967062039
32338,653.602,221.411341343968,186.136272979216,1.18951205909603,0.541530904990862
32355,657.166,221.279621000057,186.360409938842,1.18737462035351,0.53917432775905
32368,675.385,221.658064937458,186.17622928518,1.19058198669352,0.542701939342946
32376,643.009,219.130013730037,188.300427392052,1.16372552502919,0.511456520670891
32433,653.76,219.83669711196,188.00923682406,1.16928668413076,0.518261407847296
32465,653.85,225.202449417725,183.692094560686,1.22597790588819,0.578509867521597
32514,649.012,221.445489897254,187.134423177447,1.18334984091768,0.534673643692279
32518,651.651,221.262785372889,187.256110603346,1.18160515381833,0.532696426660149
32518,655.131,220.821199193386,187.665586505827,1.17667390865256,0.527019604549459
32525,663.914,225.077855560317,184.214734173858,1.22182330620684,0.574579253881494
32578,657.571,227.037573996575,182.842305722646,1.24171248606419,0.59281399771747
32581,649.583,224.424177897585,184.92347131983,1.21360569480895,0.566603091116334
32615,664.789,218.146746288941,191.00227698353,1.14211594612431,0.48309517204947
32622,657.009,235.270869763518,177.158189532593,1.32802706092361,0.658024287867092
32698,653.049,225.014190639487,185.143724263941,1.21534873263491,0.568317851857586
32705,654.454,223.875867501602,186.149929796842,1.20266425964239,0.555543832848451
32713,660.043,215.416320785902,193.486462096994,1.11334053272376,0.439591560128493
32729,656.679,214.265720692008,194.793825044591,1.09996156522395,0.416528465712701
32774,660.614,222.870051301159,187.479247653151,1.18877184590309,0.540717402508646
32775,649.807,220.02509946298,189.809403781021,1.15918966647626,0.505764487610189
32795,651.03,225.210252085729,185.600231202765,1.2134157949388,0.566415511021873
32796,654.824,223.145368688528,187.419262114213,1.19062131699432,0.542744878080534
32799,653.729,219.905549413948,190.112339602128,1.15671370871649,0.502601593364647
32829,658.101,221.599499993417,189.002627541416,1.17246782690817,0.52207126255298
32836,669.19,218.406003761023,191.758772774643,1.13896225242167,0.478674896169862
32849,664.105,230.72230757754,181.743685501681,1.26949284064896,0.616038377882255
32870,655.512,220.358162919771,190.020659766901,1.15965370918134,0.50635283368871
32885,659.728,227.067403663747,184.559693246439,1.23031957666156,0.582547094512749
32920,671.612,219.093133833251,191.462212480656,1.14431527242164,0.486132629246483
32925,656.646,225.128170216913,186.461528278006,1.20737061578331,0.560364526908099
32934,668.197,221.408730830372,189.601811051501,1.1677564133089,0.516407504501626
32947,668.231,209.693292722529,200.249599312651,1.04715961201567,0.296720861081351
32951,688.26,226.649046227471,185.521575459696,1.22168564850674,0.57444786808749
32988,676.797,224.751709935168,187.177294457018,1.20074237950254,0.553546740934802
33006,669.769,223.527749139746,188.24294120801,1.18744292723702,0.539249994326433
33010,665.85,224.971259206432,186.890091494319,1.20376236860728,0.556677424230566
33013,652.684,223.781853880398,188.029142329705,1.19014452285274,0.54222382295702
33019,655.703,224.450211414497,187.502627162863,1.19705102168804,0.549663318002298
33051,663.071,218.951371381023,192.47394174679,1.13756371067137,0.476689675487118
33058,655.511,224.44587881024,187.878161189724,1.1946352752707,0.547087283438198
33062,667.966,222.039143557775,189.781341162754,1.16997351898444,0.519088990364949
33078,659.456,235.560077511721,178.931232760117,1.31648384621328,0.650391530940831
33078,652.214,221.386902518904,190.354812125572,1.16302235833608,0.510582618449458
33089,663.915,217.335822126728,194.207048851102,1.11909337695234,0.448903019458828
33090,653.809,228.406675036144,184.688554788127,1.23671266634887,0.588365282366854
33143,648.385,222.526309539847,189.737379264391,1.17281218072358,0.522480156774231
33159,653.801,222.44402868829,189.980420019631,1.17087870773896,0.520175444011767
33168,680.621,234.31554800769,180.582753928228,1.29755219095184,0.63722005194865
33171,654.338,222.253649008938,190.361453229385,1.16753494595948,0.516138042666578
33194,664.658,232.308544254803,182.085601664036,1.27582050492621,0.621001572333122
33236,660.788,210.858002487167,200.927367309907,1.04942400485417,0.303273094043191
33248,660.068,230.96983467744,183.429248655006,1.25917669276315,0.607696024139774
33251,658.962,217.452162976616,194.983482547544,1.11523376306295,0.442693502941374
33276,704.493,234.788138398934,180.705496041287,1.29928609556673,0.638461899955088
33316,670.587,229.218082946794,185.279361525868,1.23714849327561,0.588756561495935
33319,668.601,225.017237808188,188.836510273636,1.19159815801576,0.54380889242355
33325,674.433,223.825484177477,189.735706376687,1.17966980729031,0.530484184982245
33330,653.776,224.360166693822,189.431387512528,1.18438749586303,0.53584201133043
33333,679.262,220.531291441488,192.716705596529,1.14432887776316,0.48615130600508
33338,659.103,232.26379452556,182.918509157086,1.26976649654463,0.616255392693031
33344,661.508,225.318056087632,188.668525973394,1.19425354560414,0.54667767952588
33382,659.434,222.870104411361,190.920248987046,1.16734660463638,0.51590865413751
33399,664.701,221.559942483789,192.089887926348,1.15341804233204,0.498328414857876
33421,654.804,219.544082329979,194.025390342122,1.1315224360217,0.467930880223371
33423,659.036,224.16805278239,189.981079737973,1.17994935649155,0.530804973473392
33427,665.61,228.223182029707,186.625865588569,1.2228914856467,0.575596241467215
33429,658.605,229.446090532674,185.698093366419,1.23558667928771,0.587351259444396
33431,666.841,219.907407658934,193.680468452029,1.13541344368135,0.47360670860756
33433,657.349,225.002512531217,189.566015425456,1.18693486290899,0.538686621315429
33446,656.077,224.233933786844,190.256598567,1.17858689514981,0.529237524121514
33447,664.412,226.118615379206,188.74064076551,1.19803882439996,0.550708724916241
33459,655.414,219.129947440109,194.543100160034,1.12638252017085,0.46023357712343
33468,659.987,224.459938905073,189.954346396386,1.18165202936016,0.532749760371282
33498,657.523,227.938076908781,187.316054338338,1.21686353961455,0.569797937147565
33534,657.067,218.844751825534,195.192853572502,1.12117194774371,0.452185632267984
33538,658.284,227.518681443713,187.944051910939,1.21056601222755,0.563582376270599
33539,662.418,223.683536249734,191.200602121603,1.16988928783536,0.518987647749282
33547,653.512,213.754070948645,199.925701390225,1.06916754305355,0.353836994080826
33560,669.259,227.936176758361,187.856592075965,1.21335202688116,0.566352488247581
33576,666.339,224.588725300139,190.463017786809,1.17917235539935,0.529912303306771
33583,657.754,221.711051228351,192.95040907747,1.14905717115807,0.49255959615
33584,658.848,223.73518256806,191.354482397849,1.16921840431669,0.518178983972781
33607,690.171,214.765297214989,199.524143201535,1.07638751766527,0.36999576273767
33620,670.224,222.77608329063,192.226031831046,1.15892775379369,0.505431801427829
33623,659.408,217.371862005668,197.083782733568,1.10294139370933,0.421848171005096
33631,669.076,224.889400261303,190.753366029564,1.1789537712611,0.529660589693102
33639,663.03,224.662906420846,190.853100482343,1.17715093887946,0.527574560003757
33717,664.363,231.622525487449,185.65312622547,1.2476090771892,0.597950376397927
33731,671.696,231.172012619896,186.126456220104,1.24201587090082,0.593081147784727
33736,655.729,221.390268047897,194.135951562853,1.14038778632005,0.480682529309785
33794,665.826,218.999893955056,196.577721811977,1.11406263098585,0.440779116703251
33809,669.341,230.247497134597,187.16429975073,1.23018918373454,0.582426872760963
33824,656.339,220.753864836952,195.281545449933,1.13043894817777,0.466327554951368
33838,661.029,222.973513667261,193.483638341044,1.15241534415554,0.497013691962908
33845,670.945,226.381604770418,190.521424480256,1.18822124801968,0.540110506534591
33849,669.571,221.610480978111,194.671348914688,1.13838262391261,0.47785400559852
33858,664.46,234.33500135413,184.139291588422,1.27259640966743,0.618486935361369
33860,683.315,225.535015385215,191.521161344873,1.17759841158802,0.528093987489809
33864,662.898,221.216425831431,195.063517829697,1.13407380474173,0.471666862437303
33866,668.421,230.931158562343,186.860875068174,1.23584543034003,0.587584681491416
33876,666.966,228.149173221578,189.164786775113,1.20608691031281,0.559059341899092
33930,666.214,224.150968781285,192.860562160267,1.16224367631479,0.509611259891621
33946,667.313,231.542539694339,187.028992099329,1.23800346189841,0.589522187399557
33946,668.564,234.754844967483,184.293738484972,1.27380803546196,0.619435382533387
33961,690.353,238.192498892404,181.654297214681,1.31124065075601,0.646827292438467
33961,667.497,233.11383397158,185.73329780606,1.25509984868192,0.604309902971466
33969,666.389,222.361832581153,194.769037195583,1.14166931142069,0.482473840558548
33972,672.812,232.988269251825,185.915624727797,1.25319359033404,0.602708674654198
33993,669.092,219.750574680408,197.092321362035,1.11496263863447,0.442251583619534
33996,663.743,223.096358068568,194.380876450562,1.14772791512394,0.49077447889987
34004,659.963,229.059750534421,189.1650396806,1.21089896378941,0.563915151416015
34027,670.16,231.657705340033,187.412365714149,1.23608548698099,0.587801025225957
34036,666.067,226.9280102067,191.110470591538,1.18741798659329,0.539222369212265
34051,677.272,227.620945797896,190.664003626731,1.19383282354396,0.546225424350395
34053,671.582,232.436144132938,186.791440323572,1.2443618601061,0.595136326097011
34060,662.146,220.43837742334,196.882203013011,1.11964603224585,0.449779933921597
34082,668.346,230.626946957561,188.391282903796,1.22419118020091,0.576827653379046
34097,680.595,227.819142013653,190.810171228547,1.19395701259959,0.546359010060335
34104,667.289,229.478735980193,189.544041710421,1.21068820686425,0.563704560873975
34113,673.914,221.24236619821,196.510381834822,1.12585586640495,0.459431580717025
34130,666.585,235.541347782227,184.778034452147,1.27472590819893,0.6201511211669
34131,668.091,224.338018557634,193.804212679785,1.15754975320531,0.503674085490244
34151,674.271,231.51360089504,188.035623022045,1.23122202683849,0.583377425712423
34151,662.129,226.524818514271,192.236336380151,1.17836629005618,0.528982778594503
34179,677.064,225.060501742526,193.592892794246,1.16254526958139,0.509987930350184
34191,661.403,223.980914906336,194.474673021449,1.15172279981997,0.496101592003775
34207,668.737,228.032468677892,191.415453546416,1.19129602366508,0.543480297567656
34207,661.138,226.873517660477,192.194708068254,1.18043581917931,0.531362195205579
34220,677.527,233.183019314855,186.959104240898,1.24724078167596,0.59763297902688
34222,671.994,223.298263790904,195.238368109852,1.14372121603303,0.48531578523418
34239,666.439,232.686293389298,187.724346125707,1.23951047475474,0.590865460403177
34246,684.324,229.908504189669,189.991144417768,1.2101011596842,0.563116981029543
34253,672.539,228.004279943417,191.368532321015,1.19144081410912,0.543637824535247
34254,668.704,223.968828567707,194.929186063963,1.14897534376517,0.492450072048987
34259,676.402,227.544924058459,191.86803821079,1.18594491391252,0.537585123069977
34276,689.626,229.558977214963,190.411506578501,1.20559403861616,0.55855630265462
34291,671.507,230.658067029187,189.623931207576,1.21639745342424,0.569343532771492
34313,671.844,220.933975426092,198.103851952546,1.11524320828963,0.442708884432823
34321,669.531,227.995845081106,191.827326713576,1.18854726793714,0.540470045800425
34327,677.311,231.158128342748,189.304371787069,1.22109239295729,0.573880789017942
34333,665.686,229.214864249517,190.871870066735,1.20088342074385,0.553693873253172
34337,667.785,229.806760463036,190.6295846378,1.20551466814384,0.558475194754994
34349,674.863,238.23124327213,183.724936942974,1.29667342515444,0.636587835102446
34390,680.24,245.014670841665,178.974510005424,1.36899199128546,0.682950706891803
34394,669.762,230.921133285333,189.905263160408,1.21598069185834,0.568936466343328
34395,665.156,231.717147143012,189.189825942239,1.22478651264131,0.57738952559961
34397,678.85,229.774702161511,190.931593976552,1.20343991989995,0.556345117669946
34410,684.481,232.457936137719,188.939629271714,1.23032916404965,0.582555931558291
34412,667.199,233.958985706268,187.398290924791,1.24845848140719,0.598680682985463
34419,687.797,224.143245668034,195.615162734266,1.14583778954049,0.488214124766151
34421,678.034,232.403914614929,189.14974745636,1.22867684329607,0.581027878996433
34425,680.503,232.645666600276,188.554405145298,1.23383840553076,0.58576782462685
34428,688.178,229.732497873278,191.379071703338,1.20040553979378,0.553194985955554
34441,675.683,228.697829086715,191.915203089773,1.19166082418044,0.543876990664141
34443,684.507,234.607330003755,187.57262382249,1.2507546422434,0.60064303412014
34447,682.912,225.087411313528,195.32917528387,1.15234916128843,0.496926670663736
34461,675.775,246.725439312431,178.157783722004,1.38487038937024,0.691799925363614
34469,666.834,230.157970513912,190.993671113055,1.20505548258546,0.558005411288855
34474,672.3,225.649409257869,194.650348124099,1.15925510245688,0.505847536217252
34475,677.676,241.043182075535,182.369113536695,1.32173248748634,0.653897960365723
34483,687.567,233.740724315387,188.587866479368,1.23942610242615,0.590790465329703
34491,674.657,233.182837010237,188.576365741391,1.2365432756829,0.588213023903597
34503,678.24,236.54464120598,185.892769444302,1.27247897760141,0.618394789345927
34509,668.332,230.32948561906,190.919741307841,1.20642047826618,0.559399185016144
34521,667.908,224.755317712523,195.682976512322,1.14856857616519,0.491904913092609
34523,673.987,231.917048612578,189.734176028231,1.22232616952505,0.575058573984268
34532,689.551,217.022102585856,202.714908484657,1.07057790770372,0.357077019102264
34543,670.896,235.018010417078,187.291135183299,1.25482719823909,0.60408158755019
34543,669.456,226.975443399274,193.972556977221,1.17014203935008,0.51929162043643
34594,670.069,233.440887657745,188.865990825778,1.23601335866279,0.587736043391792
34600,673.252,231.434916466981,190.457822307481,1.21515049192018,0.568123459417987
34601,685.556,226.519539171954,194.718756786125,1.16331648224705,0.510948533100304
34622,683.382,235.92880475975,187.053084797932,1.26129331154638,0.609433751958981
34623,675.213,228.194370717705,193.503300520009,1.17927895857315,0.530034969563075
34626,667.845,231.888421086257,190.468282875751,1.21746475363316,0.570382778405612
34629,670.997,233.131220766509,189.682874868037,1.22905782047377,0.58138110691384
34631,670.02,229.336783696473,192.401402581596,1.19197043586631,0.544213157794032
34635,667.638,227.063224549428,194.415219730712,1.16792926430316,0.516617610183087
34638,677.314,234.690450249994,188.339799672226,1.24610119931333,0.596648029879584
34666,681.015,225.792667176528,195.827765174962,1.15301661628418,0.497802899395014
34671,674.874,235.589519493412,187.64972443296,1.25547490253619,0.604623586529932
34676,668.424,226.447506699135,195.193788028223,1.16011635916607,0.506938032748704
34680,669.575,231.262447311072,191.241096120096,1.20927170991451,0.562284269911252
34700,690.412,233.630136234254,189.50181499077,1.23286490024189,0.584881320149164
34703,676.387,230.769315544459,191.762660929521,1.20341110425701,0.556315398410006
34722,670.391,227.259351498407,194.731862679168,1.16703732184203,0.515531503479467
34729,671.193,228.810271352696,193.657635112268,1.1815194955781,0.532598936854611
34733,670.564,228.327247814824,193.860023594625,1.17779438783249,0.528321130189347
34747,672.202,234.540419154962,188.725982982275,1.24275637857978,0.593731887861297
34748,669.267,221.090495867781,200.26914135255,1.10396686366462,0.423653580658801
34750,675.599,223.198836561426,198.528209810822,1.12426761302141,0.456997571298064
34757,686.779,231.229869991117,191.672033081067,1.20638293586274,0.559360960741551
34761,687.872,229.737021397124,192.887572598501,1.19104107279801,0.54320266910642
34766,669.475,232.175332190538,190.994047329458,1.21561554109613,0.568579226054799
34771,683.109,230.586519119367,192.185558405258,1.19981189550743,0.552573787670634
34772,671.947,228.047674630307,194.336638048155,1.17346722121332,0.5232560944664
34774,677.726,228.522215517314,193.960290032834,1.1781907290334,0.528779858054085
34787,677.348,230.856637934612,192.645931645796,1.19834681149182,0.551033739089574
34792,692.19,228.032660547443,194.338583139702,1.17337821889707,0.523150809289498
34794,693.537,237.490550847999,186.993337716811,1.27004819395043,0.61647855836511
34794,671.293,236.61087920035,187.423153116231,1.26244210102268,0.610371181770207
34800,671.796,226.636188574421,195.61382696342,1.15858982001718,0.505001894272023
34841,675.857,231.956964125302,191.611272370017,1.2105601160947,0.563576479016081
34841,670.201,223.722491473789,198.530793245748,1.126890634023,0.461004955462305
34847,686.633,236.426223619075,188.062657858295,1.25716729898193,0.606033554879254
34850,674.295,230.433581497671,192.752188193799,1.19549139056199,0.548003376347995
34865,680,224.825092117302,197.677632012539,1.13733197746441,0.476359223310328
34878,671.541,225.413503647309,197.147955929614,1.1433722585883,0.484834722615302
34878,679.271,229.296981635089,193.949870082933,1.18224869930071,0.533427615725719
34879,689.973,236.193130134605,188.398162444095,1.25369126253921,0.603127826920053
34879,675.467,223.80001449334,198.868746301588,1.12536544155583,0.458682478157239
34882,680.065,234.523244890575,189.531178881546,1.2373860927502,0.588969591395544
34883,672.664,232.322464187597,191.468438727401,1.21337211360647,0.566372342039741
34895,677.7,225.369838410819,197.232923868121,1.14265830466272,0.483847618930669
34911,677.462,235.255598389278,189.279988802989,1.24289736002754,0.593855566433165
34911,670.061,232.394657378899,191.376871066779,1.21432990352218,0.567317077348528
34912,676.03,230.310606076524,193.113979153455,1.19261488518919,0.544911378424838
34924,816.638,258.319787463974,181.639925775713,1.42215312168177,0.711032481820071
34934,687.791,230.15919857071,193.71721048044,1.18811951710377,0.53999820664878
34936,682.571,232.023556066831,192.052253889525,1.20812722250216,0.561130428509521
34945,675.172,234.989902297963,189.554167926161,1.23969789147291,0.591031958565993
34958,672.491,231.261891087858,192.608125477999,1.20068605887696,0.553487962601166
34960,681.462,237.561122125691,187.951051233225,1.26395207990035,0.611597287235674
34968,673.319,238.108675335276,187.137647830629,1.27237185085696,0.618310695422861
34968,750.395,242.822452005871,184.329547189153,1.31732788209312,0.650959510014587
34971,673.194,235.001586559661,189.689458143456,1.23887531157339,0.590300279102739
34980,675.203,233.008682688639,191.342760140273,1.2177554171259,0.570665001114299
34995,679.687,236.99073340175,188.131684709326,1.25970664520394,0.608132399745595
35022,670.696,231.836185261737,192.603633057894,1.20369580563442,0.556608864424358
35031,675.649,232.068017764463,192.536781527798,1.20531784068987,0.558273938715564
35042,676.65,225.6145212543,197.895934072212,1.14006648146683,0.480231412834111
35049,679.396,228.963198657554,195.075216182025,1.17371751849762,0.523551941530224
35059,671.731,230.031610826528,194.321814119948,1.18376627898574,0.535143215814854
35062,701.948,223.264100757669,200.252371364798,1.11491364240052,0.442171640656619
35066,674.509,229.03917130402,195.117975885899,1.17384966845883,0.523707996801623
35069,692.225,234.236651902047,191.213807476494,1.22499862846381,0.577589389799805
35081,677.561,234.795275157432,190.579238761587,1.23200867357414,0.584098759905428
35083,687.873,229.649875656529,194.933950008919,1.17809071044844,0.528664177113422
35083,685.515,227.984772665586,196.194184273196,1.16203634429919,0.509351983786621
35085,693.747,245.934942837211,181.85601125932,1.35236081080936,0.673214080819633
35087,678.15,237.29387575674,188.492282330493,1.2589049950633,0.607471966276819
35091,688.22,225.852179516809,197.988502974948,1.14073381091925,0.481167454032421
35091,685.847,232.503681071645,192.62691667872,1.20701553594109,0.560004226430895
35105,687.922,232.375560092077,192.494682097379,1.20717911560031,0.560170279440421
35106,688.658,231.112620102961,193.551490751618,1.19406272307943,0.546472660474056
35106,680.346,234.364202717976,191.01055243614,1.22696992249331,0.579438587749625
35122,679.818,231.796231505501,193.14332588602,1.20012550494388,0.552902155106883
35123,685.227,233.224886155997,192.004207712632,1.21468632867181,0.56766767343525
35128,669.663,228.402453594965,195.966868026179,1.16551566035363,0.513667509570547
35130,678.016,239.183150167505,187.160106071078,1.27796011227238,0.622654309088071
35131,684.17,234.523025493709,190.924540976422,1.22835453365145,0.580728620782057
35134,668.885,226.266431682644,197.955771047047,1.14301508102468,0.484341376106544
35145,681.083,243.764584779737,183.706528309757,1.32692390968661,0.657307236209345
35149,682.373,238.929221311281,187.422334154177,1.27481723237282,0.620222204244549
35162,673.468,230.230210445965,194.642456777073,1.18283654171942,0.534093600114581
35165,676.072,232.883461147834,192.385078478107,1.21050688021179,0.563523226309533
35175,706.545,226.797234116321,197.679157529116,1.14729967969899,0.490196672121028
35176,680.437,235.791339936426,190.024008653724,1.24085025680151,0.592053018957602
35208,678.529,232.285537153376,193.463469371821,1.20066872525139,0.553469869653394
35221,674.683,237.280978058076,189.129991263555,1.2545920214601,0.603884463306759
35223,674.287,231.268962910586,194.315959970837,1.19016967492169,0.542251338065355
35237,676.073,233.927614601491,192.02295689163,1.21822733275329,0.571122485704072
35246,683.282,240.090358737129,186.985513491286,1.28400513095533,0.627256068308807
35247,682.573,234.990539624924,191.235329742883,1.22880296198862,0.581144871728649
35254,687.045,225.063640101738,199.692033617845,1.12705367372064,0.461251975326138
35259,677.828,234.88963381851,191.297192487456,1.22787810298843,0.580285549392879
35272,682.696,232.130230809024,193.597547672422,1.1990349753903,0.551758353041187
35272,682.862,230.08115174289,195.420888710484,1.1773621195826,0.527819836609066
35277,676.858,238.552548526479,188.774182075354,1.26369266127322,0.611387126236739
35283,681.373,223.975012214674,200.836520534912,1.11521057832576,0.442655742821236
35287,677.949,223.620886871451,201.097336234317,1.1120032271879,0.437377571901235
35288,676.973,232.621305702862,193.387722043394,1.20287525622058,0.555762067794155
35300,685.599,238.216983066095,188.807623897236,1.26169154692478,0.609759171387383
35302,679.016,235.934090748344,190.740547603881,1.23693726222449,0.588567005439458
35304,686.408,234.615822846013,192.04540997515,1.22166847349474,0.574431470371208
35313,691.229,233.156694785761,193.117146052861,1.20733295593515,0.560326339406872
35316,682.911,237.776630215736,189.241627140611,1.25647107250384,0.605454602264216
35321,682.903,232.944452574472,193.411100698499,1.20440063539889,0.557333834054943
35330,682.682,234.639510736771,192.016233688024,1.22197746633234,0.574726301888229
35337,677.215,228.982968258459,196.633014057191,1.16451944428752,0.512439522975302
35338,680.836,227.467483803256,198.044921487565,1.14856509369031,0.491900240691929
35339,677.909,228.871151473587,196.958053699572,1.16202992045552,0.509343946215008
35344,694.82,234.366626905209,192.352180000264,1.21842459443343,0.571313449208285
35352,684.112,231.522954231537,194.654422899161,1.18940505323876,0.541413473803345
35354,687.741,235.015308381981,191.828254709782,1.22513395504504,0.57771680969225
35354,681.226,237.289685150932,189.889846207567,1.24961755401894,0.599673407374131
35364,683.341,222.294908686479,202.880789428521,1.09569225017629,0.408708384602848
35376,681.424,236.606392974437,190.512796810475,1.24194488210582,0.593018665865505
35377,687.757,237.874433893319,189.491758058704,1.25532865561164,0.604501322881004
35384,679.656,235.75769620133,191.326518061421,1.23222697297845,0.58429853221545
35402,681.514,231.008489369887,195.345932202163,1.18256104320011,0.533781706651766
35403,678.413,233.986551094945,192.87931802819,1.21312411038672,0.566127096873678
35408,684.211,241.922654035538,186.690713159474,1.29584728635583,0.635991731920651
35410,704.701,228.550568204841,197.433811050332,1.15760601990597,0.503746100020513
35412,675.129,228.003368422639,197.942791770045,1.15186497262056,0.496289108519473
35414,680.978,237.1379832266,190.367856320332,1.2456828994679,0.596285402767835
35432,681.365,233.742231894946,193.218809116159,1.20972814688256,0.562742865950598
35437,685.657,228.037132015471,198.233124313427,1.15034827204217,0.494281411525393
35438,678.412,233.18003280462,193.710572952389,1.20375480414243,0.556669633836165
35438,677.413,234.429704580743,192.6140461632,1.21709558181501,0.570023833999144
35442,698.883,236.867490194818,191.003257990667,1.24012277427431,0.591408965105346
35442,681.165,228.755127509374,197.586555108646,1.1577464235033,0.503925708892765
35450,680.993,235.796159460083,191.585719523606,1.23076062269364,0.582953270474066
35454,677.189,235.532463879198,191.853264893691,1.22766982365252,0.580091585109638
35467,683.515,226.947476005845,199.261077840254,1.13894533978074,0.478650981559671
35473,687.235,241.050143515874,187.644663691116,1.28460963810124,0.627710838792899
35481,679.09,237.901882166372,190.084488083866,1.25155863355567,0.601326085036257
35499,688.485,228.519750691063,197.998262563158,1.1541502825974,0.499284173094856
35507,682.142,239.232413666491,189.116163141886,1.26500247092579,0.612446176853882
35510,676.975,227.151612549002,199.323035239466,1.13961546028086,0.479596811960676
35511,702,224.14210686629,204.151325527742,1.09792138888577,0.41282134262359
35517,678.829,232.996395035574,194.232581971698,1.19957420464875,0.552324609661699
35532,676.181,231.10699672607,195.880197180658,1.17983849338748,0.530677806251511
35534,684.316,231.105463511398,196.03701570781,1.17888686826297,0.529583494700738
35539,690.791,247.062481294198,184.042212436033,1.34242290409364,0.667151862334435
35544,683.35,232.234703515348,195.029380887113,1.1907677830848,0.542904714711566
35555,697.407,238.238613722529,190.254622443273,1.25220933222563,0.601877373180817
35565,682.802,227.295701721943,199.383916533488,1.13999015403917,0.480124129649073
35589,687.923,235.063905985539,192.994447015851,1.21798274313163,0.570885487707173
35598,694.499,245.397667962786,185.348636543777,1.32397881386533,0.655380253739297
35602,688.378,240.655626467646,188.590307776753,1.2760763228221,0.621199848062567
35605,694.737,245.554451656192,184.744494120404,1.32915707623826,0.658756144732823
35608,689.304,240.389454975315,188.879738588388,1.27271170942892,0.618577370046126
35609,686.971,230.169389547823,197.140940847916,1.16753723786571,0.516140832760711
35610,678.391,234.428595260663,193.826015919139,1.20947951258753,0.562493166292972
35615,692.536,233.003590697499,195.224649757406,1.19351521945123,0.545883450468476
35634,685.864,235.123044735122,193.217862100237,1.21688047978269,0.569814436080283
35647,683.548,233.60413276836,194.407001861909,1.20162406976624,0.554465018582358
35647,679.754,236.157114767621,192.34177047608,1.22779942278315,0.580212296104942
35652,680.437,227.476881974933,199.809697736229,1.13846767475334,0.477974624433389
35672,690.775,241.456477837061,188.250901759814,1.28263118837609,0.62621882613213
35677,689.725,235.973947683876,192.7272628363,1.22439318761202,0.577018460325792
35680,686.068,230.909790669522,197.036223443623,1.17191543074612,0.521413909676695
35683,699.955,237.164077228632,192.140905780398,1.23432371813471,0.586208482673038
35684,678.241,237.692502955669,191.412411316126,1.24178208362419,0.592875310842143
35690,699.055,235.795252030591,192.90219302836,1.22235651305387,0.575087465185039
35690,691.225,238.389290851272,190.761978922917,1.24966878723564,0.59971718608021
35693,680.082,229.622684676023,198.089394925501,1.15918716780563,0.505761315852927
35699,694.117,236.664965645481,192.479821813884,1.22955727730422,0.581843363186509
35702,689.386,233.52723742888,194.803818799143,1.19878161972617,0.551491833709271
35703,684.558,235.507802513547,193.074849361991,1.21977462777661,0.572616189562053
35703,677.734,230.113877213603,197.716266407851,1.16385910676121,0.511622189790829
35704,683.565,241.104351986157,188.654697598884,1.27801933932645,0.622699878681622
35720,685.105,236.703013030594,192.341664682065,1.23063826769856,0.582840661267908
35720,685.93,240.812022329686,189.089157246279,1.27353691685262,0.619223515046369
35725,684.673,235.155394856775,193.905126256892,1.2127342860716,0.56574108848967
35730,698.169,242.216334704889,187.990912864718,1.28844703722032,0.630575224137081
35734,700.162,249.469799434674,182.915041249451,1.36385612539353,0.679996702477815
35735,684.121,235.489119541004,193.432329044049,1.21742379210756,0.570342978907233
35736,684.029,235.661573311109,193.377657525935,1.21865977862258,0.571540919940107
35738,684.449,237.850027560178,191.889282215502,1.23951700071012,0.590871260020411
35758,682.303,239.435320549712,190.499750389992,1.2568799699713,0.60579480781415
35762,690.56,236.821440666449,192.707578538919,1.2289160730574,0.581249747411199
35764,674.477,222.122920293272,205.098363856075,1.08300678814358,0.383946726078979
35772,693.316,245.51020839419,185.67799338822,1.32223643693129,0.654231453759253
35777,685.863,221.319945152059,206.193121707736,1.0733624056857,0.363352382137551
35781,688.213,240.178449454184,189.850959446787,1.2650894688868,0.612516338108979
35789,685.127,233.61876741028,195.22443658144,1.19666764827785,0.549256353317525
35795,695.242,249.736141441153,182.704085588467,1.36688865296462,0.681746497839167
35795,684.955,227.56501196074,200.513615417818,1.13491052209374,0.472880197611423
35804,683.756,236.584733687132,192.932802052645,1.22625458797087,0.578769272302695
35809,681.549,232.78712354206,196.047826754553,1.18739966362139,0.539202072047738
35822,691.654,235.405304224263,194.237923335661,1.21194306539954,0.564955654498953
35835,687.914,237.704179503981,192.176759084987,1.2369038828408,0.588537036731468
35838,689.511,235.503228099848,193.965675317458,1.21414898648643,0.567138917925171
35838,684.103,241.756864583975,189.108450682781,1.27840328505207,0.622995054097808
35842,679.664,232.110748502132,196.733453053665,1.17982348654663,0.530660587327897
35845,683.888,229.295296952314,199.457906258927,1.14959241903729,0.493274837618637
35853,678.636,230.972173905942,197.894795112901,1.16714627979058,0.515664436436909
35864,681.39,231.339331601975,197.813740327624,1.16948059937002,0.518495342213972
35872,684.086,232.552030333296,196.59174620087,1.18291858548163,0.534186405051755
35901,686.097,236.851183435931,193.254865929028,1.22558975318589,0.5781454602746
35901,684.781,238.026453316317,192.274009218168,1.23795438751285,0.589478310985729
35915,685.086,238.637069656493,191.837438489713,1.24395462916531,0.594780918126933
35923,684.665,229.981829875404,199.115358666536,1.15501803284076,0.500412097537183
35932,688.727,242.496230238705,188.791161595121,1.28446812970386,0.627604469169821
35954,710.093,251.660768946373,182.014821914745,1.38263887687262,0.690581427553808
35955,683.377,242.60431695136,188.873692129594,1.28447913637914,0.627612744621019
35955,693.613,253.664062886078,180.88373754494,1.40235969429289,0.701078792724031
35967,684.169,231.493294796991,197.952523717892,1.16943846155202,0.518444527103576
35969,704.8,222.254153332092,206.8145460189,1.0746543587499,0.366211228847782
35972,685.989,233.492968726746,196.292211582172,1.18951723476304,0.541536583461974
35975,685.086,235.363792371045,194.902669661328,1.20759655462916,0.560593501793645
35977,702.354,247.183898212373,185.501469992991,1.33251719364656,0.660916597887714
35978,687.586,243.53024520922,188.414958266438,1.29252076082432,0.633574162567726
35996,686.723,235.343481898069,194.806598569663,1.2080878349401,0.561090618350306
36000,691.429,221.697974864672,207.234623888304,1.06979215492563,0.35527713949123
36006,693.059,229.383392530249,199.926754201879,1.14733715077786,0.490247283891138
36013,692.489,251.219346997476,182.692720409783,1.37509226658833,0.686400289907062
36022,683.433,240.355182403865,191.074308754127,1.25791470329563,0.606653381909713
36029,688.635,238.660505195102,192.575114167923,1.23931124863306,0.590688336616477
36032,741.973,238.768228202832,192.47674081264,1.24050431857246,0.591746982096789
36036,681.481,236.171870336909,194.550055415752,1.21393884896209,0.566931813070511
36044,691.115,233.580224413175,196.66807115423,1.18768757451228,0.539520806860597
36059,692.057,237.053247082569,193.85912916606,1.22281188460054,0.575520609046345
36075,702.685,238.165995404271,193.080955662082,1.2335032970372,0.585463052656032
36076,693.745,243.526218542763,189.197214434526,1.28715541225391,0.629615417179436
36082,683.764,234.153491346076,196.331650889249,1.19264260390783,0.544941364491841
36085,689.809,237.31039868389,193.835086961813,1.22429020670877,0.576921208968972
36092,690.636,236.300966312981,194.681089462051,1.21378489798848,0.566779967556096
36100,681.59,236.751848492478,194.344212586829,1.21820889514115,0.571104628763774
36104,698.492,247.968257777305,185.621901987765,1.3358782294648,0.663054390006564
36105,712.899,247.771299013673,185.704677354971,1.3342221776141,0.662003937377403
36109,690.918,236.918386527453,194.403861000237,1.21869177550524,0.571571850234319
36109,708.201,234.77340947404,196.362761480865,1.19561065297464,0.548130716556889
36112,723.077,225.328775954348,204.666338818694,1.1009566949549,0.418317348342622
36115,688.089,228.014068009468,201.846146727799,1.12964290726321,0.465143112973338
36120,683.177,229.65960220264,200.469554959091,1.14560838053192,0.487901588674313
36120,682.617,225.737954896016,203.979605928385,1.10666923719458,0.428351146550162
36128,690.354,241.89722623026,190.490144568751,1.26986740851024,0.616335363300317
36136,711.044,234.639327686363,196.277830298355,1.19544488203123,0.547953699382867
36137,703.387,240.493654404602,191.502577508916,1.255824634493,0.604915692068329
36140,693.003,236.506099409104,194.837648450763,1.2138624197616,0.566856441434119
36144,690.759,222.62023242222,206.920034805308,1.07587567647418,0.368884042961041
36147,710.044,241.696021950513,190.868238470167,1.2662977553926,0.613488463268173
36152,694.2,248.935474236144,185.049003281976,1.3452408271382,0.668890084086699
36154,679.696,234.968094635598,196.135972372372,1.1979857228306,0.550652642888043
36154,691.479,232.057289150706,198.68015022905,1.16799433100477,0.51669665446344
36156,687.239,238.867790590001,193.076136841253,1.23716889356658,0.588774860085622
36156,683.782,238.97981067538,192.874917892634,1.23904037542305,0.590447291960557
36166,684.301,238.569252898833,193.282952591399,1.23430054073713,0.586187457219617
36166,693.373,226.829922238017,203.392250429243,1.11523384868062,0.442693642373362
36169,685.632,238.456574182716,193.313785309598,1.23352079522327,0.585478976849534
36186,685.681,236.999292926751,194.915156523012,1.2159100254411,0.568867373431371
36210,690.479,236.320194543247,195.217804159191,1.21054632061397,0.56356268033312
36236,714.592,234.893513474519,196.581398869978,1.19489186069879,0.547362212313313
36244,701.396,237.532307801505,194.531878554399,1.22104566905255,0.573836067790455
36246,684.492,238.566380184257,193.571226875501,1.23244752866962,0.584500192238753
36253,698.598,230.524897194216,200.530611141534,1.14957460051579,0.493251059822758
36253,681.763,237.312027639622,194.781124578194,1.21835228209885,0.571243463843692
36257,690.403,221.792506390887,208.314992714814,1.06469776131055,0.343278441034108
36261,701.08,232.458815965866,198.929629621199,1.16854797552538,0.51736821057913
36265,684.137,240.947332496924,191.895025336492,1.25562052520339,0.604745261300947
36272,724.509,242.871593382712,190.579345366161,1.27438570489411,0.619886114228023
36278,689.943,246.548342581663,187.749212735101,1.3131791020052,0.648152282216561
36299,693.838,243.741422226525,189.801484675182,1.28419133624615,0.627396254061089
36301,713.642,231.512781597134,200.110053107349,1.15692729076904,0.50287601884029
36311,689.155,240.151171702404,192.619744610385,1.24676300546531,0.597220560149244
36325,690.58,246.17017165135,188.310321744118,1.30725798443409,0.644077850664228
36331,692.777,235.048490278379,196.990750717316,1.19319556589576,0.545538777395401
36336,685.99,238.135670191254,194.47783099873,1.22448748512014,0.577107475516906
36340,683.845,235.806123383355,196.762148186757,1.19843234868294,0.551123926762927
36343,697.705,243.409844596337,190.963188311677,1.27464275574966,0.620086378253096
36345,682.374,230.786493077513,200.741648660864,1.14966921222913,0.493377287974299
36349,686.851,226.519848145974,204.816875798319,1.10596281318648,0.427131464201444
